[{"id":"◯","CustomerName":"Brittan Rois","Date":"04/10/2021 ; 02:10 PM","JobNumber":"ABC000006","phone":"+62 745 807 7685","Status":"Completed","Actions":"✎  ✉   🖶"},
{"id":"◯","CustomerName":"Matthew Junifer","Date":"04/10/2021 ; 02:10 PM","JobNumber":"ABC000006","phone":"+46 993 722 3008","Status":"Completed","Actions":"✎  ✉   🖶"},
{"id":"◯","CustomerName":"Finlay Baylay","Date":"04/10/2021 ; 02:10 PM","JobNumber":"ABC000006","phone":"+55 232 355 3569","Status":"Processing","Actions":"✎  ✉   🖶"},
{"id":"◯","CustomerName":"Beryle Monelli","Date":"04/10/2021 ; 02:10 PM","JobNumber":"ABC000006","phone":"+351 734 876 8127","Status":"Completed","Actions":"✎  ✉   🖶"},
{"id":"◯","CustomerName":"Ilario Shoppee","Date":"04/10/2021 ; 02:10 PM","JobNumber":"ABC000006","phone":"+54 410 442 6083","Status":"Cancel","Actions":"✎  ✉   🖶"},
{"id":"◯","CustomerName":"Guglielma Haking","Date":"04/10/2021 ; 02:10 PM","JobNumber":"ABC000006","phone":"+86 722 902 9706","Status":"Completed","Actions":"✎  ✉   🖶"},
{"id":"◯","CustomerName":"Celle Acum","Date":"04/10/2021 ; 02:10 PM","JobNumber":"ABC000006","phone":"+86 805 547 3640","Status":"Completed","Actions":"✎  ✉   🖶"},
{"id":"◯","CustomerName":"Ailey Haig","Date":"04/10/2021 ; 02:10 PM","JobNumber":"ABC000006","phone":"+7 623 158 0485","Status":"Processing","Actions":"✎  ✉   🖶"},
{"id":"◯","CustomerName":"Ebonee Robardet","Date":"04/10/2021 ; 02:10 PM","JobNumber":"ABC000006","phone":"+63 406 595 5538","Status":"Completed","Actions":"✎  ✉   🖶"},
{"id":"◯","CustomerName":"Nancy Hallatt","Date":"04/10/2021 ; 02:10 PM","JobNumber":"ABC000006","phone":"+86 194 283 7223","Status":"Cancel","Actions":"✎  ✉   🖶"},
{"id":"◯","CustomerName":"Savina Gardener","Date":"04/10/2021 ; 02:10 PM","JobNumber":"ABC000006","phone":"+387 494 626 9847","Status":"Completed","Actions":"✎  ✉   🖶"},
{"id":"◯","CustomerName":"Walliw Berard","Date":"04/10/2021 ; 02:10 PM","JobNumber":"ABC000006","phone":"+353 884 996 4703","Status":"Completed","Actions":"✎  ✉   🖶"},
{"id":"◯","CustomerName":"Bernita Moniker","Date":"04/10/2021 ; 02:10 PM","JobNumber":"ABC000006","phone":"+351 122 281 8005","Status":"Processing","Actions":"✎  ✉   🖶"},
{"id":"◯","CustomerName":"Devlen MacGibbon","Date":"04/10/2021 ; 02:10 PM","JobNumber":"ABC000006","phone":"+261 550 422 8564","Status":"Completed","Actions":"✎  ✉   🖶"},
{"id":"◯","CustomerName":"Terri O'Nion","Date":"04/10/2021 ; 02:10 PM","JobNumber":"ABC000006","phone":"+387 213 246 0301","Status":"Cancel","Actions":"✎  ✉   🖶"},
{"id":"◯","CustomerName":"Anselm Cavilla","Date":"04/10/2021 ; 02:10 PM","JobNumber":"ABC000006","phone":"+263 941 369 6625","Status":"Completed","Actions":"✎  ✉   🖶"},
{"id":"◯","CustomerName":"Frances Wyndham","Date":"04/10/2021 ; 02:10 PM","JobNumber":"ABC000006","phone":"+86 922 171 8017","Status":"Completed","Actions":"✎  ✉  🖶"},
{"id":"◯","CustomerName":"Bennett Skermer","Date":"04/10/2021 ; 02:10 PM","JobNumber":"ABC000006","phone":"+55 598 223 7882","Status":"Processing","Actions":"✎  ✉   🖶"},
{"id":"◯","CustomerName":"Valentine Lambertazzi","Date":"04/10/2021 ; 02:10 PM","JobNumber":"ABC000006","phone":"+380 633 380 2502","Status":"Completed","Actions":"✎  ✉  🖶"},
{"id":"◯","CustomerName":"Tremayne Tolchar","Date":"04/10/2021 ; 02:10 PM","JobNumber":"ABC000006","phone":"+86 445 679 1332","Status":"Cancel","Actions":"✎  ✉  🖶"}
]